business_phone_number,description,career_page,organization_type,geographical_area,company_type,business_website_address,year_founded,headquarters,size_range,address,organization
,    ,http://www.arenapharm.com/career-opportunities-arena-inc,Privately Held,Greater San Diego Area,Therapeutics,http://www.arenapharm.com,,"San Diego, California",201-500,,Arena Pharmaceuticals
 (858) 625-0760,    ,http://www.ardeabio.com/careers/,Public Company,Greater San Diego Area,Therapeutics,http://ardeabio.com,,(Astra Zeneca),51-200,,Ardea Biosciences
858-678-8618 ,    ,,Privately Held,Greater San Diego Area,Research Services,http://accelagen.com,,"San Diego, California", 1-10,,Accelagen
858.452.9925?,    ,,Privately Held,Greater San Diego Area,Research Products,http://www.agscientific.com/,1997,"San Diego, California", 11-50,,"A.G. Scientific, Inc."
(858) 558-2871,    ,http://www.acadia-pharm.com/careers/jobs.htm,Public Company,Greater San Diego Area,Therapeutics,http://acadia-pharm.com,2006,"San Diego, California", 11-50,,Acadia Pharmaceuticals
858 799 5000,    ,http://accelrys.com/about/careers/,Public Company,Greater San Diego Area,Software,http://accelrys.com/,2001,"San Diego, California",501-1000,,Accelrys
858-455-9588,    ,http://www.biolegend.com/careers_frame/,Privately Held,Greater San Diego Area,Research Products,http://www.biolegend.com/,2002,"San Diego, California",51-200,,BioLegend
,    ,http://www.biomatrica.com/aboutus_careers.php,Privately Held,Greater San Diego Area,Research Products,http://biomatrica.com,2004,"San Diego, California", 11-50,,Biomatrica
 858-345-3871 Phone,    ,,Privately Held,Greater San Diego Area,Research Products,http://biosettia.com,,"San Diego, California", 1-10,,Biosettia
,    ,,Privately Held,Greater San Diego Area,Therapeutics,http://www.carolusTherapeutics.com,,"La Jolla, California",,,Carolus Therapeutics
858.452.7271,,https://careers.cato.com/,Privately Held,Greater San Diego Area,"Drug Development,Research Services",http://www.cato.com,1998,"Durham, North Carolina",201-500,,Cato Research
858 764-1941,    ,,Privately Held,Greater San Diego Area,Research Products,http://www.emolecules.com,2004,"San Diego, California", 11-50,,Emolecules
858-705-5968 ,    ,,Privately held,Greater San Diego Area,Research Products,http://www.cassiallc.com,,"San Diego, California", 1-10,,"Cassia, LLC"
800-437-7500,    ,,Public Company,Greater San Diego Area,Research Products,http://www.millipore.com,,"Billerica, MA",10001+,,EMD Millipore
,    ,,Privately Held,Greater San Diego Area,Therapeutics,http://www.eumederis.com,,"San Diego, California", 1-10,,Eumederis
800.758.1630,    ,,Privately Held,Greater San Diego Area,Research Products,http://etonbio.com,2003,"San Diego, California",51-200,,"Eton Bioscience, Inc."
(760) 930-6400,FMT Consultants provides efficient technology solutions to the San Diego Bio Tech community. ,http://www.fmtconsultants.com/about-us/careers/,Privately Held,Greater San Diego Area,Software,http://www.fmtconsultants.com/industry-solutions/life-sciences/,1995,"Carlsbad, CA", 11-50,,FMT Consultants
(858) 750-4465,,http://genalyte.com/careers/,,Greater San Diego Area,"Diagnostics,Research Products",http://genalyte.com/,,"San Diego, California",1-10,,Genalyte
(858) 882-4500,    ,,Privately Held,Greater San Diego Area,Drug Development,http://www.formexllc.com,,"San Diego, California",,,Formex LLC
  760.268.6200,    ,,Public Company,Greater San Diego Area,Diagnostics,http://www.genoptix.com,1999,Owned by Novartis,501-1000,,Genoptix
,    ,,Nonprofit,Greater San Diego Area,Research Services,http://www.gwas.us/,2012,"La Jolla, California", 1-10,,Genome-Wide Associations Inc
858.824.1771,    ,http://www.genomatica.com/about/careers/,Privately Held,Greater San Diego Area,Green technology,http://www.genomatica.com,2000,"San Diego, California", 11-50,,Genomatica
(760) 448-4300,    ,http://search2.smartsearchonline.com/genmarkdx/jobs/process_jobsearch.asp,Public Company,Greater San Diego Area,Medical Devices,http://www.genmarkdx.com/,,"Carlsbad, California",51-200,,Genmark Diagnostics
888-428-0558,    ,,,Greater San Diego Area,"Research Products,Research Services",http://genlantis.com,,"San Diego, California", 11-50,,Genlantis
800.789.5550,    ,,Privately Held,Greater San Diego Area,Research Products,https://www.geneseesci.com,1995,"San Diego, California", 11-50,,Genesee Scientific
(760) 231-2440,    ,,Public Company,Greater San Diego Area,Therapeutics,http://www.gene.com,1976,"San Francisco, California","10,001+",,Genentech
18586571400,    ,,Privately Held,Greater San Diego Area,Therapeutics,http://www.ferring.com,1950,Switzerland,1001-5000,,Ferring Research Institute
,    ,,Privately Held,Greater San Diego Area,Software,http://thomsonreuters.com/site/systems-biology/,2000,"New York, NY",10001+,,GeneGo (Thomson Reuters)
,    ,,,Greater San Diego Area,Medical Products,http://www.femcap.com,,"Del Mar, California",,,Femcap
,    ,,privately Held,Greater San Diego Area,Medical Products,http://www.genection.com,2012,"San Diego, California",,,Genection
(858) 592-9300,    ,,Privately Held,Greater San Diego Area,Diagnostics,http://genbio.com,1994,"San Diego, California", 11-50,,GenBio
,    ,,Privately Held,Greater San Diego Area,Therapeutics,http://www.fateTherapeutics.com,2007,"San Diego, California", 11-50,,Fate Therapeutics Inc.
,    ,http://www.fabrus.net/about/careers.htm,Privately Held,Greater San Diego Area,Therapeutics,http://www.fabrus.net,2007,"La Jolla, California", 1-10,,Fabrus
858-453-5800,    ,,Privately held,Greater San Diego Area,Therapeutics,http://www.eyecyte.com,,"San Diego, California", 1-10,,"EyeCyte, Inc."
(858) 273-6574,    ,,Privately Held,Greater San Diego Area,Research Services,http://explorabiolabs.com/,2004,"San Diego, California", 11-50,,Explora BioLabs
7602982355,    ,,Privately Held,Greater San Diego Area,Diagnostics,http://www.etaluma.com,2009,"San Diego, California", 1-10,,"Etaluma, Inc."
,    ,,Privately Held,Greater San Diego Area,Therapeutics,http://essentialisTherapeutics.com,,"Carlsbad, California",,,Essentialis Therapeutics
,    ,,Privately Held,Greater San Diego Area,Research Services,http://www.exonbio.com,1996,"San Diego, California",,,Exonbio
619-255-5903,    ,http://www.estudysite.com/careers/,Privately Held,Greater San Diego Area,Clinical Services,http://estudysite.com,,"San Diego, California", 11-50,,Estudysite
,    ,,Privately Held,Greater San Diego Area,Research Products,http://www.epsilonmicrodevices.com/,2012,"San Diego, California", 1-10,,"Epsilon Micro Devices, Inc."
,    ,,,Greater San Diego Area,Diagnostics,http://www.epitopediagnostics.com,,"San Diego, California",,,Epitope Diagnostics
(858) 657-0918,    ,,Privately Held,Greater San Diego Area,Research Services,http://www.epigenbiosciences.com/,2010,"San Diego, California", 1-10,,"Epigen Biosciences, Inc."
,    ,http://www.enigmadiagnostics.com/template2.php?page=careers.php,Privately Held,Greater San Diego Area,Diagnostics,http://www.enigmadiagnostics.com,2004,UK, 11-50,,Enigma Diagnostics
(760) 727-1280,    ,http://www.djoglobal.com/careers/career-opportunities/us-opportunities,Privately Held,Greater San Diego Area,Medical Devices,http://www.djoglobal.com,1978,"Vista, California",1001-5000,,DJO Global
(858) 384-0291,    ,,Privately Held,Greater San Diego Area,Research Products,http://www.directelectron.com/,2007,"San Diego, California", 1-10,,Direct Electron
,    ,,Privately Held,Greater San Diego Area,Diagnostics,http://epicsciences.com,2008,"San Diego, California", 11-50,,Epic Sciences
858.224.6900,Our San Diego site specializes in KinomeSCAN and BromoSCAN services.  Please see website for details,,Privately Held,Greater San Diego Area,"Research Products,Research Services",http://www.discoverx.com,2000,"Fremont, California",51-200,,DiscoveRx
,    ,http://www.dartneuroscience.com/CurrentOpenings.php,Privately Held,Greater San Diego Area,Therapeutics,http://www.dartneuroscience.com,2008,"San Diego, California",51-200,,Dart Neuroscience
888-738-3646,    ,http://www.dexcom.com/careers,Public Company,Greater San Diego Area,Medical Devices,http://www.dexcom.com,1999,"San Diego, California",201-500,,Dexcom
(858) 876-3133,    ,,Privately Held,Greater San Diego Area,Research Products,http://dmphotonics.com,2005,"San Diego, California", 1-10,,Del Mar Photonics
760-804-3886,    ,,Privately Held,Greater San Diego Area,Diagnostics,http://www.dcndx.com/,2003,"Carlsbad, California", 11-50,,DCN Diagnostics
858 458 0900,    ,,Public Company,Greater San Diego Area,Therapeutics,http://www.cytori.com,,"San Diego, California",51-200,,"Cytori Therapeutics, Inc."
858-695-8035,,,Privately Held,Greater San Diego Area,"Diagnostics,Research Products",http://www.cytoptics.com,2008,"San Diego, California",1-10,,Cytoptics
,    ,http://www.cylenepharma.com/contact/careers,Privately Held,Greater San Diego Area,Therapeutics,http://www.cylenepharma.com,2001,"San Diego, California", 1-10,,Cylene Pharmaceuticals
858-754-8640,    ,,Privately Held,Greater San Diego Area,Medical Devices,http://www.crisimed.com,2009,"San Diego, California", 11-50,,"CRISI Medical Systems, Inc"
(858) 450-6464,    ,,Privately Held,Greater San Diego Area,Therapeutics,http://www.crinetics.com/,2008,"San Diego, California", 1-10,,Crinetics
(858) 642-1988,    ,,Privately Held,Greater San Diego Area,Research Services,http://www.cytometryres.com/,1993,"San Diego, California", 1-10,,"Cytometry Research, LLC"
(858) 457-8698,    ,http://ctkbiotech.com/index.php?option=com_content&view=article&id=38&Itemid=27,Privately Held,Greater San Diego Area,Diagnostics,http://ctkbiotech.com,,"San Diego, California",201-500,,CTK Biotech Inc.
(619) 690-7300,    ,,Privately Held,Greater San Diego Area,Research Products,http://conquerscientific.com,2007,"San Diego, California", 11-50,,Conquer Scientific
 858.964.1300,    ,,Nonprofit,Greater San Diego Area,Association,http://connect.org/,1985,"La Jolla, California", 11-50,,Connect
(858) 876-8408,    ,,Privately Held,Greater San Diego Area,Therapeutics,http://www.concortis.com,,"San Diego, California",,,Concortis
,    ,,Public Company,Greater San Diego Area,Therapeutics,http://www.conatuspharma.com,,"San Diego, California",,,Conatus Pharmaceuticals
858-352-2300 ,,,,Greater San Diego Area,"Clinical Services,Drug Development,Research Products",http://www.covance.com,1997,"Princeton, NJ",10001+,,"Covance, Inc."
(858) 677-0474,    ,,Privately Held,Greater San Diego Area,Therapeutics,http://codaTherapeutics.com,,San Diego and New Zealand, 11-50,,Coda Therapeutics
(858) 412-1704,    ,,Privately Held,Greater San Diego Area,Research Products,http://electronicbio.com/,2002,"San Diego, California", 11-50,,Electronic BioSciences
1 (858) 486-0207,    ,,Privately Held,Greater San Diego Area,Research Products,http://emcalscientific.com,1986,"San Diego, California", 1-10,,"EmCal Scientific, Inc."
858.597.4990,    ,,Public Company,Greater San Diego Area,Therapeutics,http://www.lilly.com,1876,"Indianapolis, Indiana",10001+,,Eli Lilly
 (858) 876-1814,    ,,Privately Held,Greater San Diego Area,Therapeutics,http://elcelyx.com,2010,"San Diego, California", 1-10,,Elcelyx
,    ,,privately Held,Greater San Diego Area,Therapeutics,http://effector.com,,"San Diego, California", 1-10,,"eFFECTOR Therapeutics, Inc."
,,,Privately Held,Greater San Diego Area,"Drug Development,Research Services",http://www.ecalab.com,1994,"San Diego, California",1-10,,Ecalab
,    ,,Privately Held,Greater San Diego Area,Clinical Services,http://www.clinmet.com/,2011,"San Diego, California", 1-10,,ClinMet
,    ,,Privately Held,Greater San Diego Area,Software,http://edicogenome.com/,2013,"San Diego, California", 1-10,,Edico Genome
,    ,http://www.ebioscience.com/about/ebioscience-careers.htm,Public Company,Greater San Diego Area,Research Products,http://www.ebioscience.com,1999,San Francisco,1001-5000,,Ebioscience (Affymetrix)
18003508202,    ,,Privately Held,Greater San Diego Area,Clinical Services,http://www.clinicomp.com,1983,"San Diego, California",51-200,,Clinicomp
(858) 450-0008,    ,,Privately Held,Greater San Diego Area,Green technology,http://www.cibus.com,2001,"San Diego, California", 11-50,,Cibus
858-458-8800,    ,,Privately Held,Greater San Diego Area,Therapeutics,http://ceregene.com,2001,(Acquired by Sangamo 2013),,,Ceregene
858-875-8800,    ,,Privately Held,Greater San Diego Area,Diagnostics,http://celula-inc.com,2005,"San Diego, California", 11-50,,Celula Inc.
858-794-4860,    ,,Privately Held,Greater San Diego Area,Research Services,http://us.chemdiv.com/,1990,"San Diego, California",501-1000,,"Chemdiv, Inc."
 858.451.7400,    ,,Privately Held,Greater San Diego Area,"Research Products,Research Services",http://www.chembridge.com,1993,"San Diego, California",201-500,,Chembridge Corporation
888.876.4287 ,    ,http://www.carefusion.com/careers/Job-Search.aspx,Public Company,Greater San Diego Area,Medical Products,http://www.carefusion.com,2009,"San Diego, California",10001+,,Carefusion
 858.729.6500,    ,,Privately Held,Greater San Diego Area,Therapeutics,http://www.cebix.com,2008,"La Jolla, California", 1-10,,Cebix
877.208.5070,    ,http://cellana.com/about-us/careers/,Privately Held,Greater San Diego Area,Green technology,http://cellana.com,,"San Diego, California and Hawaii",,,Cellana
(858) 436-1000,    ,,Public Company,Greater San Diego Area,Therapeutics,http://www.cardiumthx.com,,"San Diego, California", 11-50,,"Cardium Therapeutics, Inc."
,    ,,Privately Held,Greater San Diego Area,Therapeutics,http://califiabio.com,2008,"San Diego, California", 1-10,,Califia Bio
858-952-5500,    ,http://www.calcimedica.com/careers.html,Privately Held,Greater San Diego Area,Therapeutics,http://www.calcimedica.com,,"San Diego, California", 11-50,,Calcimedica
(858) 455-6100,    ,,Privately Held,Greater San Diego Area,Research Services,http://www.calchemsynthesis.com,,"San Diego, California", 1-10,,CalChem Synthesis
(619) 660-6162,    ,,Privately Held,Greater San Diego Area,Research Products,http://www.calbiotech.com/,,"San Diego, California", 11-50,,CalBiotech
(858) 587-8800,    ,,Privately Held,Greater San Diego Area,Therapeutics,http://www.calasiapharma.com/,,"San Diego, California", 1-10,,CalAsia Pharmaceuticals
858-527-7000,    ,,Public Company,Greater San Diego Area,Research Products,http://www.nexusbio.com,2011,"Chelmsford, MA",,,Brooks Life Science Systems
,    ,,Privately Held,Greater San Diego Area,Research Products,http://www.bpsbioscience.com,,"San Diego, California", 11-50,,BPS Bioscience
,    ,,Privately Held,Greater San Diego Area,Research Products,http://www.cellapplications.com,1994,"San Diego, California", 11-50,,"Cell Applications, Inc."
858-613-1200 x 275,"Development and manufacturing of instruments, sample-prep automation and medical products. ISO 13485",,Privately Held,,"Diagnostics,Medical Devices,Medical Products",http://www.group-bit.com/,1974,Germany,201-500,,"BIT Group USA, Inc."
,    ,http://search1.smartsearchonline.com/cadence/jobs/adhocjobsearch.asp,Public Company,Greater San Diego Area,Therapeutics,http://www.cadencepharm.com,2004,"San Diego, California",201-500,,Cadence Pharmaceuticals
888.330.2396,    ,,,Greater San Diego Area,Research Products,http://biotix.com,2005,"San Diego, California",501-1000,,Biotix
,    ,,,Greater San Diego Area,Diagnostics,http://www.biotheranostics.com,2008,"San Diego, California",,,bioTheranostics
(858) 605-5882,    ,http://www.biotoxsciences.com/index.php?q=Careers,Privately Held,Greater San Diego Area,Drug Development,http://biotoxsciences.com/,,"San Diego, California", 11-50,,Biotox Sciences
,    ,,Privately Held,Greater San Diego Area,Software,http://www.biosoftintegrators.com/,2012,"La Mesa, California", 1-10,,BioSoft Integrators
,    ,,Privately Held,Greater San Diego Area,Research Products,http://www.biosurplus.com/,2002,"San Diego, California", 11-50,,BioSurplus
(858) 880-7376,    ,,Privately held,Greater San Diego Area,Research Products,http://biosero.com/,2003,"San Diego, California", 11-50,,"BioSero, LLC"
(858) 679-9600,    ,,Privately Held,Greater San Diego Area,Research Products,http://www.bio-scan.com/,1980,"washington, DC", 1-10,,Bioscan
,    ,http://www.biopointescientific.com/Articles.asp?ID=134,Privately Held,Greater San Diego Area,Research Products,http://www.biopointescientific.com/,2007,"La Jolla, California", 11-50,,BioPointe Scientific
,    ,,Privately Held,Greater San Diego Area,Drug Development,http://www.bioservamerica.com,1988,"San Diego, California",,,Bioserv
,    ,,Privately Held,Greater San Diego Area,Therapeutics,http://bioneur.com,2011,"Carlsbad, California", 1-10,,Bioneur
,    ,,Privately Held,Greater San Diego Area,Research Products,http://www.bionanogenomics.com,2003,"San Diego, California", 11-50,,"BioNano Genomics, Inc."
(858) 586-1888,    ,,Privately Held,Greater San Diego Area,Therapeutics,http://biomedicure.com/,2005,"San Diego, California", 1-10,,BioMedicure
(858) 657-0005,    ,,Privately Held,Greater San Diego Area,Research Services,http://www.biopeptide.com/,1999,"San Diego, California", 1-10,,Biopeptide Co.
 (858) 457-3658,    ,,Privately Held,Greater San Diego Area,Research Products,http://www.biomyx.net,,"San Diego, California", 1-10,,Biomyx
858-558-0708,    ,,Privately Held,Greater San Diego Area,Research Services,http://biolaurus.com,2008,"San Diego, California", 1-10,,Biolaurus
,    ,,,Greater San Diego Area,Research Services,http://www.bioduro.com/,2005,China,501-1000,,BioDuro
760-420-0552 ,    ,,Privately Held,Greater San Diego Area,"Research Products,Research Services",http://www.biogrammatics.com/,2008,"San Diego, California", 1-10,,Biogrammatics
,    ,,,Greater San Diego Area,Research Services,http://bioblocks.com,2002,"San Diego, California", 11-50,,BioBlocks
858-558-0708,,,Privately Held,Greater San Diego Area,"Drug Development,Research Products",http://bioatla.com,2007,"San Diego, California",51-200,,Bioatla
858-455-0300,    ,,,Greater San Diego Area,Association,http://www.biocom.org,1991,"San Diego, California", 11-50,,Biocom Institute
,    ,,Privately Held,Greater San Diego Area,Medical Devices,http://www.avelasbio.com,,"San Diego, California", 1-10,,Avelas Bio
,    ,,Privately Held,Greater San Diego Area,Biotechnology,http://biotechnbeyond.com,2013,"Carlsbad, California", 1-10,,"Bio, Tech and Beyond"
,    ,http://www.biocept.com/job-descriptions-open-positions,Privately Held,Greater San Diego Area,Diagnostics,http://biocept.com,1993,"San Diego, California", 11-50,,Biocept
 (858) 768-8107,    ,,Privately Held,Greater San Diego Area,Therapeutics,http://avantgen.com,,"San Diego, California", 1-10,,Avantgen Inc.
  1-866-7828-639,,http://www.autogenomics.com/careers.php,Privately Held,Greater San Diego Area,"Diagnostics,Medical Devices",http://www.autogenomics.com/,1999,"Carlsbad, California",51-200,,Autogenomics
858-558-2400,    ,,Privately Held,Greater San Diego Area,Therapeutics,http://www.auspexpharma.com,,"La Jolla, California",,,Auspex Pharma
858-558-2400,    ,,,Greater San Diego Area,Therapeutics,http://www.auspexpharma.com,,"La Jolla, California", 1-10,,Auspex Pharmaceuticals
858-731-8389 ,    ,http://www.atyrpharma.com/careers/,Privately Held,Greater San Diego Area,Therapeutics,http://www.atyrpharma.com,,"San Diego, California", 11-50,,aTyr Pharma
(866) 25-AUDIT,    ,,Privately Held,Greater San Diego Area,Clinical Services,http://www.auditmicro.com/,2002,"Carlsbad, California", 11-50,,Audit MicroControls
877.644.3044 x201,Assay Depot,,Privately Held,Greater San Diego Area,"Research Services,Software",https://www.assaydepot.com/,2007,"San Diego, California", 1-10,,Assay Depot
619-469-0108,    ,,Privately Held,Greater San Diego Area,Clinical Services,http://www.aspire-irb.com/,2004,"Santee, California", 11-50,,"Aspire IRB, LLC"
(858) 638-0488,    ,,Privately Held,Greater San Diego Area,"Research Products,Research Services",http://www.batj.net/,2001,"San Diego, California", 1-10,,Bio Applied Technologies Joint (BATJ)
(858) 792-3544,    ,http://us.astutemedical.com/careers,Privately Held,Greater San Diego Area,Medical Devices,http://us.astutemedical.com/,2007,"San Diego, California", 11-50,,Astute Medical
 (858) 729-0876    ,    ,,Privately Held,Greater San Diego Area,Therapeutics,http://www.behavioralpharma.com,,"Solana Beach, California",,,Behavioral Pharma
(858) 259-9528,    ,,Privately Held,Greater San Diego Area,Research Products,http://www.azcobiotech.com/,2003,"Oceanside, California", 11-50,,"Azco Biotech, Inc."
 888.436.3646 ,,http://www.bd.com/us/careers/jobs.asp,,Greater San Diego Area,"Diagnostics,Medical Devices,Research Products",http://www.bd.com,,New Jersey,,,BD Biosciences
,    ,,Privately Held,Greater San Diego Area,Research Services,http://www.baysfour.com/,2013,"La Jolla, California", 1-10,,Bays Four
(858) 552-0888,    ,http://avivabio.com/company/careers.php,Privately Held,Greater San Diego Area,"Research Products,Research Services",http://www.avivabio.com/,1997,"San Diego, California", 11-50,,AVIVA BioSciences
858-552-6979,    ,http://www.avivasysbio.com/careers,Privately Held,Greater San Diego Area,Research Products,http://www.avivasysbio.com/,2002,"San Diego, California",51-200,,Aviva Systems Biology
 (858) 458-1890,    ,,Privately Held,Greater San Diego Area,Therapeutics,http://axikin.com,2009,"San Diego, California", 1-10,,Axikin
,    ,,Privately Held,Greater San Diego Area,Therapeutics,http://avineuro.com,2008,"San Diego, California", 1-10,,Avineuro
 (877) 889-2288,    ,,Privately Held,Greater San Diego Area,Research Products,http://atsbio.com,1994,"San Diego, California", 1-10,,Advanced Targeting Systems
(858) 875-2260,    ,,Privately Held,Greater San Diego Area,Therapeutics,http://www.advancedparticletherapy.com/,,"San Diego, California", 1-10,,Advanced Particle Therapy LLC
,    ,,Privately Held,Greater San Diego Area,"Nanotechnology,Therapeutics",http://www.aviditynano.com,2013,"San Diego, California", 1-10,,Avidity NanoMedicines
(858) 558-8650,    ,,Privately Held,Greater San Diego Area,Research Products,http://www.advancedcelldynamics.com/,2007,"San Diego, California", 1-10,,Advanced Cellular Dynamics
,    ,,Privately Held,Greater San Diego Area,Research Products,http://www.advancedbiomatrix.com,2008,"San Diego, California", 1-10,,Advanced Biomatrix
(760) 720-0099,    ,,Privately Held,Greater San Diego Area,Medical Devices,http://advancedbrainmonitoring.com/,1997,"San Diego, California", 11-50,,Advanced Brain Monitoring
(858)348-7819,    ,,Privately Held,Greater San Diego Area,"Research Products,Research Services",http://addexbio.com,2010,"San Diego, California", 1-10,,Addex Bio
877 222 9543,    ,,Privately Held,Greater San Diego Area,Research Products,http://www.activemotif.com/,1999,"Carlsbad, California",51-200,,Active Motif
858-888-7900,    ,,Privately Held,Greater San Diego Area,Research Products,http://www.acris-antibodies.com/,1998,Germany, 11-50,,Acris Antibodies
1-858-875-8000 ,,http://www.aconlabs.com/employment.html,Privately Held,Greater San Diego Area,"Diagnostics,Medical Devices",http://www.aconlabs.com,1995,"San Diego, California",1001-5000,,ACON Laboratories
,    ,,Privately Held,Greater San Diego Area,Therapeutics,http://androscience.com,,"San Diego, California", 1-10,,Androscience
(858) 362-6295,    ,,Privately Held,Greater San Diego Area,Therapeutics,http://anaptysbio.com,2005,"San Diego, California", 11-50,,Anaptys Bio
858-552-2200 ,    ,,Public Company,Greater San Diego Area,Therapeutics,http://www.bms.com,1987,Owned by Bristol Myers Squibb,1001-5000,,Amylin Pharmaceuticals
(650) 529-0249,    ,,Privately Held,Greater San Diego Area,Therapeutics,http://amplyx.com/,,"San Diego, California", 1-10,,Amplyx
 (858) 875-2400 ,    ,,Privately Held,Greater San Diego Area,Therapeutics,http://www.ambrx.com,2003,"San Diego, California", 11-50,,"Ambryx, Inc."
,    ,,Privately Held,Greater San Diego Area,Research Products,http://www.anamchem.com,,"San Diego, California", 1-10,,AnamChem
858.334.2100,    ,http://www.ambitbio.com/careers/,Privately Held,Greater San Diego Area,Therapeutics,http://ambitbio.com,2000,"San Diego, California",51-200,,Ambit Biosciences
,    ,,Privately Held,Greater San Diego Area,Therapeutics,http://www.alspinc.com/,,"San Diego, California", 1-10,,"ALSP, Inc."
,    ,http://www.alphatecspine.com/careers.asp,Public Company,Greater San Diego Area,Medical Devices,http://www.alphatecspine.com,1990,"Carlsbad, California",201-500,,Alphatec Spine
,    ,http://www.allylix.com/content/careers,,Greater San Diego Area,Biotechnology,http://allylix.com,2004,"San Diego, California", 11-50,,Allylix
(858) 724-0928,    ,http://www.aceabio.com/employlist.aspx,Privately Held,Greater San Diego Area,Research Products,http://www.aceabio.com/,2002,"San Diego, California", 11-50,,ACEA Biosciences
(760) 787-1122,    ,,Privately Held,Greater San Diego Area,Research Services,http://www.abcore-inc.com/,2011,"Ramona, California", 1-10,,Abcore
(858) 467-9600,    ,http://www.absorption.com/about/careers/,,Greater San Diego Area,Research Services,http://www.absorption.com,,"Exton, PA",,,Absorption Systems
 858.622.0099,Abgent is a large manufacturer of catalog antibodies and a provider of custom antibody services.,,,Greater San Diego Area,"Biotechnology,Research Products,Research Services",http://abgent.com,2001,China (WuXi AppTec),11-50,,Abgent- a WuXi Apptec Company
,    ,,Privately Held,Greater San Diego Area,"Research Products,Research Services",http://abdesignlabs.com,2011,"San Diego, California",,,Ab Design Labs
,    ,http://www.abbiotec.com/company/careers,Partnership,Greater San Diego Area,Research Products,http://abbiotec.com,2007,"San Diego, California", 11-50,,Abbiotec
,    ,,Privately Held,Greater San Diego Area,Research Products,http://aaltoscientific.com,1979,"Carlsbad, California", 11-50,,Aalto Scientific
(858) 222-8041,    ,,Public Company,Greater San Diego Area,Therapeutics,http://www.apricusbio.com,,"San Diego, California", 11-50,,Apricus BioSciences
,    ,http://www.arcturusrx.com/careers/,Privately Held,Greater San Diego Area,Therapeutics,http://www.arcturusrx.com,2013,"San Diego, California",,,Arcturus Therapeutics
(858) 369-7600,    ,,,Greater San Diego Area,Therapeutics,http://aragonpharm.com,,(Acquired by Johnson & Johnson), 11-50,,Aragon Pharmaceuticals
 858-654-2555 ,    ,,Privately Held,Greater San Diego Area,Research Services,http://www.anticancer.com/,1984,"San Diego, California", 11-50,,AntiCancer
,    ,,Privately Held,Greater San Diego Area,Research Services,http://www.annovachem.com,,"San Diego, California",,,Annova Chem Inc.
,    ,,Privately Held,Greater San Diego Area,Diagnostics,http://www.appliedproteomics.com,2008,"San Diego, California", 11-50,,Applied Proteomics
(800) 611-3466,    ,,Privately Held,Greater San Diego Area,Clinical Services,http://www.spectral-imaging.com/,1993,"Carlsbad, California",51-200,,Applied Spectral Imaging
858.678.8843,    ,,Privately Held,Greater San Diego Area,Veterinary Science,http://actcells.com/,2009,"San Diego, California", 1-10,,"Animal Cell Terapies, Inc."
,    ,http://www.allermed.com/careers.html,Privately Held,Greater San Diego Area,Diagnostics,http://allermed.com,1972,"San Diego, California", 11-50,,Allermed Laboratories
 1-888-425-8432,    ,,,Greater San Diego Area,Drug Development,http://altheatech.com,1998,"San Diego, California",201-500,,"Ajinomoto Althea, Inc."
,    ,,Privately Held,Greater San Diego Area,"Research Products,Research Services",http://allelebiotech.com,,"San Diego, California",,,Allele Biotech
760.520.0380,    ,,Privately Held,Greater San Diego Area,Clinical Services,http://www.agility-clinical.com,,"Carlsbad, California", 11-50,,"Agility Clinical, Inc."
858-805-2000,    ,,Public Company,Greater San Diego Area,Diagnostics,http://www.alere.com,1991,"Waltham, MA",5001-10000,,"Alere, Inc."
 (858) 366-9670,    ,,Privately Held,Greater San Diego Area,Therapeutics,http://airespharma.com,2006,"San Diego, California",,,Aires Pharmaceuticals
,    ,,Privately Held,Greater San Diego Area,Therapeutics,http://aegisthera.com,,"San Diego, California",,,Aegis Therapeutics
858.750.4700,    ,,Privately Held,Greater San Diego Area,Therapeutics,http://www.afraxis.com/,2013,"La Jolla, California", 1-10,,Afraxis
(858) 459-7800 x 307,    ,,Public Company,Greater San Diego Area,Medical Devices,http://aethlonmedical.com,1999,"San Diego, California", 1-10,,Aethlon Medical
,    ,,Privately Held,Greater San Diego Area,Research Services,http://advantarlabs.com,2008,"San Diego, California", 11-50,,Advantar Labs
(858)587-9333 ,    ,http://www.harbortx.com/content/?page_id=122,Public Company,Greater San Diego Area,Therapeutics,http://www.harbortx.com/,,"San Diego, California",,,Harbor Therapeutics
,    ,,privately Held,Greater San Diego Area,Software,http://www.inchemdesign.com/,,"san diego, california", 1-10,,Integrated Chemistry Design
858-350-4321,    ,,Partnership,Greater San Diego Area,Software,http://integratedproteomics.com,2008,"San Diego, California", 1-10,,Integrated Proteomics Applications
858.202.4500 ,,http://www.illumina.com/careers/,,Greater San Diego Area,"Diagnostics,Research Products",http://illumina.com,1998,"San Diego, California",1001-5000,,Illumina
,    ,http://ligand.submit4jobs.com/,public company,Greater San Diego Area,Therapeutics,http://www.ligand.com,,"La Jolla, California", 11-50,,Ligand Pharmaceuticals
858 625 0335,    ,,Privately Held,Greater San Diego Area,Therapeutics,http://www.mappbio.com,2003,"San Diego, California", 1-10,,Mapp Bio
 (858) 523 1677      ,    ,,Privately Held,Greater San Diego Area,Diagnostics,http://www.multigen-diagnostics.com,,"San Diego, California",,,Multigen Diagnostics
(858) 356-5972,    ,http://www.mandalabio.com/careers.html,Privately Held,Greater San Diego Area,Research Products,http://www.mandalabio.com,2008,"La Jolla, California", 1-10,,Mandala Biosciences
(858) 452-5765,    ,,Privately held,Greater San Diego Area,Green technology,http://www.kentbioenergy.com/,,"San Diego, California", 11-50,,Kent BioEnergy
,    ,,Privately Held,Greater San Diego Area,Research Products,http://www.microstem.com,2009,Coronado, 1-10,,Microstem
760-931-9200,    ,http://www.isispharm.com/About-Isis/Careers/Available-Positions.htm,Public Company,Greater San Diego Area,Therapeutics,http://www.isispharm.com,1989,"Carlsbad, California",201-500,,Isis Pharmaceuticals
(858) 230 8939,    ,,Privately Held,Greater San Diego Area,Therapeutics,http://www.neurolixis.com,2011,"San Diego, California", 1-10,,"Neurolixis, Inc."
855.662.6732,    ,,Public Company,Greater San Diego Area,Therapeutics,http://oncosec.com,2011,"San Diego, California", 11-50,,OncoSec Medical Inc.
,    ,,Privately Held,Greater San Diego Area,"Research Products,Research Services,Software",http://www.pipette.com,1996,"San Diego, California", 11-50,,Pipette.com/Accutek Lab
(858) 625 2424,    ,http://www.pacira.com/careers-opportunities.php,Public Company,Greater San Diego Area,Research Products,http://www.pacira.com,2007,NJ,201-500,,Pacira Pharmaceuticals
,,,,Greater San Diego Area,"Diagnostics,Therapeutics",http://www.prometheuslabs.com,,"Lutry, Switzerland",201-500,,Prometheus Labs
(760) 789-9738,    ,,Privately Held,Greater San Diego Area,Research Products,http://www.pacificimmunology.com/,2003,"Ramona, California", 11-50,,Pacific Immunology
(858) 550-4094,    ,,Privately Held,Greater San Diego Area,Drug Development,http://www.pacificgmp.com,2005,"San Diego, California", 11-50,,Pacific GMP
,    ,http://www.otonomy.com/about_careers.html,Privately Held,Greater San Diego Area,Therapeutics,http://www.otonomy.com,2008,"San Diego, California", 11-50,,Otonomy
 858.558.8298,    ,,Acquired by Cubist,Greater San Diego Area,Therapeutics,http://www.optimerpharma.com,,"Lexington, MA",501-1000,,Optimer Pharma
,    ,,Public Company,Greater San Diego Area,Therapeutics,http://www.orexigen.com,,"San Diego, California", 11-50,,Orexigen Therapeutics
760-659-5943,    ,,Privately Held,Greater San Diego Area,Research Products,http://www.oycus.com,,China, 1-10,,"OYC Americas, Inc."
,    ,,Privately Held,Greater San Diego Area,Research Products,http://www.qdusa.com,1992,"San Diego, California",201-500,,Quantum Design USA
858 622 1958 ,    ,,Privately Held,Greater San Diego Area,Diagnostics,http://www.oranoxis.com,2006,"San Diego, California", 11-50,,"Oranoxis, Inc."
,    ,,Privately Held,Greater San Diego Area,Therapeutics,http://www.quanticel.com,2011,San Francisco, 1-10,,Quanticel Pharmaceuticals
 858.618.4708,    ,,Privately Held,Greater San Diego Area,Clinical Services,http://www.quadscience.com,,"San Diego, California", 1-10,,Quadrants Scientific
800-929-2114 ,    ,http://www.qedbio.com/Articles.asp?ID=175,Privately Held,Greater San Diego Area,"Research Products,Research Services",http://www.qedbio.com,,"San Diego, California",,,QED Bioscience
(760) 929-9508,    ,,Privately Held,Greater San Diego Area,Research Products,http://www.puracyp.com/,1999,"Carlsbad, California", 1-10,,"Puracyp, Inc."
(619) 596-8600,    ,,Privately Held,Greater San Diego Area,Medical Products,http://www.purebio.com/,1992,"San Diego, California", 11-50,,Pure Bioscience
,    ,,Public Company,Greater San Diego Area,Medical Devices,http://qualcommlife.com,,"San Diego, California",,,Qualcomm Life
,    ,,Privately Held,Greater San Diego Area,Diagnostics,http://www.provericorp.com,2004,"San Diego, California", 1-10,,Proveri Inc.
,    ,,Privately Held,Greater San Diego Area,Media,http://www.proteinlounge.com/,2003,"San Diego, California", 11-50,,Protein Lounge
,    ,,Privately Held,Greater San Diego Area,"Research Products,Research Services",http://www.prosci-inc.com,1998,"San Diego, California", 11-50,,ProSci Inc
 858.459.2428,    ,,,Greater San Diego Area,Research Services,http://www.prognosysbio.com,,"San Diego, California",,,Prognosys Biosciences
(855) 695-5227,    ,,Privately Held,Greater San Diego Area,Research Products,http://oneworldlab.com/,,"San Diego, California",,,One World Labs
,    ,http://www.proacta.com/careers/,Privately Held,Greater San Diego Area,Therapeutics,http://www.proacta.com,2004,"San Diego, California", 1-10,,Proacta
858-207-6172,"R&D services such as recombinant protein expression & purification, cell culture, and fermentation..",,Privately Held,Greater San Diego Area,Research Services,http://www.ooxesis.com,2013,San Diego County,1-10,,oOxesis Biotech
 858-999-4005,    ,,Privately Held,Greater San Diego Area,Research Products,http://www.primcells.com/,2012,"San Diego, California", 11-50,,PrimCells LLC
,    ,,Privately Held,Greater San Diego Area,Software,http://portablegenomics.wordpress.com/,2013,"La Jolla, California", 1-10,,Portable Genomics
 (858) 847-0117,    ,,Privately Held,Greater San Diego Area,Clinical Services,http://www.precisionmed.com,1994,"San Diego, California",51-200,,"PrecisionMed, Inc."
1-858-909-5743 ,    ,,Privately Held,Greater San Diego Area,Research Services,http://www.prescos.com,2008,"San Diego, California", 1-10,,PRESCOS LLC
,    ,,Privately Held,Greater San Diego Area,Medical Devices,http://www.philometron.com,2001,"San Diego, California", 1-10,,Philometron
,    ,http://www.polypeptide.com/jobs/,Privately Held,Greater San Diego Area,Drug Development,http://www.polypeptide.com,,Denmark,201-500,,PolyPeptide Group
,,http://www.pharmatek.com/careers.html,Privately Held,Greater San Diego Area,"Drug Development,Research Services",http://www.pharmatek.com,1999,"San Diego, California",51-200,,Pharmatek
858-752-6001,    ,,Privately Held,Greater San Diego Area,"Therapeutics,Vaccine Development",http://www.polynoma.com,,"San Diego, California",,,Polynoma
 (858) 450-9595,    ,,Privately Held,Greater San Diego Area,Vaccine Development,http://www.paxvax.com,2007,"San Diego, California", 11-50,,Paxvax
,    ,,Privately Held,Greater San Diego Area,Therapeutics,http://www.polarispharma.com,2006,"San Diego, California", 11-50,,Polaris Pharmaceuticals
,    ,,Privately Held,Greater San Diego Area,Therapeutics,http://www.pharmakea.com/,2013,"San Diego, California", 1-10,,PharmAkea
(858) 427-9100,    ,,Privately Held,Greater San Diego Area,Therapeutics,http://www.phagepharma.com/,,"San Diego, California", 11-50,,"Phage Pharmaceuticals, Inc."
(877) 505-7374,    ,,Privately Held,Greater San Diego Area,Clinical Services,https://www.pathway.com/,2008,"San Diego, California",51-200,,Pathway Genomics
(858) 622-3000,    ,http://pfizercareers.com/,Public Company,Greater San Diego Area,Therapeutics,http://pfizer.com,1848,"New York, NY",10001+,,Pfizer
,    ,,Privately Held,Greater San Diego Area,Therapeutics,http://www.neurogeneticpharmaceuticals.com,2009,"Del Mar, California",,,Neurogenetic Pharmaceuticals
(858) 227-9233,    ,,Privately Held,Greater San Diego Area,Therapeutics,http://nazurabio.com,2013,"San Diego, California", 1-10,,NaZura BioHealth Inc.
 858/617-7600,    ,,Privately Held,Greater San Diego Area,Therapeutics,http://www.neurocrine.com,1996,"San Diego, California",51-200,,Neurocrine
,    ,,Privately Held,Greater San Diego Area,Therapeutics,http://www.panmira.com,2011,"San Diego, California",,,Panmira
(858) 622-3000,    ,http://pfizercareers.com/,Public Company,Greater San Diego Area,Therapeutics,http://www.pfizer.com/,1848,"New York, NY","10,001+",,Pfizer
,    ,,Privately Held,Greater San Diego Area,Medical Devices,http://www.naviscan.com,1995,"San Diego, California", 11-50,,Naviscan
,    ,,Privately Held,Greater San Diego Area,Food Industry,http://www.naturegen.com,,"San Diego, California",,,Naturegen
,    ,,Privately Held,Greater San Diego Area,Research Products,http://nanocellect.com,2009,"San Diego, California", 1-10,,NanoCellect BioMedical
,    ,,Privately Held,Greater San Diego Area,Research Products,http://nacalaiusa.com,2005,Japan,,,Nacalai Usa
888 675.8261,    ,,Privately Held,Greater San Diego Area,Research Services,http://www.nanoimagingservices.com,,"San Diego, California", 1-10,,"NanoImaging Services, Inc."
,    ,,Privately Held,Greater San Diego Area,Research Services,http://www.microconstants.com,1998,"San Diego, California",51-200,,Microconstants
,    ,,Privately Held,Greater San Diego Area,Therapeutics,http://www.meritagepharma.com,2008,"San Diego, California",,,Meritage Pharmaceuticals
,    ,,public company,Greater San Diego Area,Therapeutics,http://www.meipharma.com,2000,"San Diego, California", 11-50,,MEI Phama
,    ,,Privately Held,Greater San Diego Area,"Research Services,Software",http://www.natural-selection.com,1993,"San Diego, California",,,Natural Selection
858 675 9990,    ,,Privately Held,Greater San Diego Area,Biotechnology,http://menon.us,2000,"San Diego, California", 11-50,,"Menon International, Inc."
,    ,http://www.medincell.com/contact/careers,Privately Held,Greater San Diego Area,Drug Development,http://www.medincell.com,2002,France, 1-10,,Medincell
(858) 373-1500,    ,http://www.medicinova.com/html/company_careers.html,Public Company,Greater San Diego Area,Therapeutics,http://www.medicinova.com,,"San Diego, California", 11-50,,Medicinova
(858) 552-0866 ,    ,,Public Company,Greater San Diego Area,Therapeutics,http://www.mastTherapeutics.com,,"San Diego, California", 11-50,,"Mast Therapeutics, Inc."
,    ,,Privately Held,Greater San Diego Area,Medical Devices,http://www.medipacs.com,,"San Diego, California", 1-10,,"Medipacs, Inc."
,    ,http://www.invivoscribe.com/pages/careers,Privately Held,Greater San Diego Area,"Research Products,Research Services",http://www.invivoscribe.com,1995,"San Diego, California", 11-50,,Invivoscribe
,    ,,Privately Held,Greater San Diego Area,Research Products,http://www.invivogen.com,1998,"San Diego, California",51-200,,Invivogen
,    ,,Privately Held,Greater San Diego Area,Drug Development,http://irisys.com,1996,"San Diego, California", 11-50,,Irisys
858-642-0998,    ,http://www.ionian-tech.com/careers.php?secondary_topic=careers&secondary_page=careers,Privately Held,Greater San Diego Area,Research Products,http://www.ionian-tech.com,2000,"San Diego, California", 11-50,,Ionian Technologies
,    ,,Public Company,Greater San Diego Area,Biotechnology,http://www.invetech.com.au,1987,Australia,201-500,,Invetech
1-800-472-5605,    ,,Privately Held,Greater San Diego Area,Medical Products,http://www.medeffect360.com,2012,"Carlsbad, California", 1-10,,Med Effect Inc
858-459-1758,    ,,Privately Held,Greater San Diego Area,Diagnostics,http://www.intrinsiclifesciences.com,,"La Jolla, California", 1-10,,Intrinsic Life Sciences
858-652-6800,    ,,Public Company,Greater San Diego Area,Drug Development,http://www.interceptpharma.com,,"New York, NY", 11-50,,Intercept Pharma
(858) 909-5200,    ,http://intellisis.com/jobs.php,Privately Held,Greater San Diego Area,Software,http://intellisis.com,2005,"San Diego, California", 1-10,,Intellisis
 1-760-940-6383,    ,,Public Company,Greater San Diego Area,Research Products,http://www.internationalstemcell.com,,"San Diego, California", 11-50,,International Stem Cell
1.760.607.5151,    ,,Privately Held,Greater San Diego Area,Medical Devices,http://www.obalon.com/,2008,"Carlsbad, California",,,Obalan Therapeutics
858-436-3900,    ,http://www.ocerainc.com/careers,,Greater San Diego Area,Therapeutics,http://www.ocerainc.com,,"San diego, California and Durham, NC", 11-50,,Ocera Therapeutics
,    ,http://nucelis.com/careers.php,Privately Held,Greater San Diego Area,Biotechnology,http://nucelis.com,2010,"San Diego, California", 11-50,,Nucelis
,    ,http://novarx.com/new/career.php,Privately Held,Greater San Diego Area,Therapeutics,http://www.novarx.com,1997,"San Diego, California", 11-50,,NovaRx
,    ,http://www.nuvasive.com/careers/,Public Company,Greater San Diego Area,Medical Devices,http://www.nuvasive.com,1997,"San Diego, California",1001-5000,,Nuvasive
,    ,,Privately Held,Greater San Diego Area,Medical Devices,http://www.neurovigil.com,,"San Diego, California",,,Neurovigil
(619) 579-0077,    ,,Privately Held,Greater San Diego Area,"Research Products,Research Services",http://www.novabiotech.com/,1995,"San Diego, California", 1-10,,Nova Biotech
858.622.2900,    ,http://molecularresponse.com/about/careers/,Privately Held,Greater San Diego Area,Research Services,http://molecularresponse.com,2011,"San Diego, California", 11-50,,Molecular Response
,    ,,Privately Held,Greater San Diego Area,Therapeutics,http://www.neurotransit.com/,,"San Diego, California", 1-10,,"NeuroTransit, Inc."
858 -558 -3702,    ,,Privately Held,Greater San Diego Area,"Research Products,Research Services",http://www.monseratebiotech.com,,"San Diego, California",,,Monserate Biotech
,    ,,Privately Held,Greater San Diego Area,Research Products,http://www.mobio.com,1993,"Carlsbad, California", 11-50,,"MO BIO Laboratories, Inc."
(858) 450-9990,    ,http://www.mds-usa.com/careers.html,Privately Held,Greater San Diego Area,Diagnostics,http://www.mds-usa.com,1992,"San Diego, California",,,Molecular Diagnostic Services
,    ,,Privately Held,Greater San Diego Area,Diagnostics,http://misfolddx.com,,"San Diego, California", 1-10,,Misfolding Diagnostics
800 FOR MACS,    ,,,Greater San Diego Area,Research Products,https://www.miltenyibiotec.com,1989,Germany,,,Miltenyi Biotec
858.332.3410,    ,http://mirati.com/about-myg/careers,Public Company,Greater San Diego Area,Therapeutics,http://mirati.com/,2013,San Diego California and Montreal Canada,,,Mirati Therapeutics
858.431.9548,    ,,Privately Held,Greater San Diego Area,Research Services,http://molecularthroughput.com,,"San Diego, California", 1-10,,Molecular Throughput
858-531-6273,    ,http://www.maderabiosciences.com/careers.html,Privately Held,Greater San Diego Area,Therapeutics,http://www.maderabiosciences.com/,2008,Rancho Santa Fe, 1-10,,Madera Biosciences
,    ,http://magnabiosciences.com/careers.html,,Greater San Diego Area,Research Products,http://magnabiosciences.com,2000,"San Diego, California",,,Magna Biosciences
877.451.3534,    ,,Privately Held,Greater San Diego Area,Diagnostics,http://millenniumlabs.com/,2007,"San Diego, California",1001-5000,,Millennium Laboratories
(858) 550-1441,    ,,Privately Held,Greater San Diego Area,Drug Development,http://mabprex.com/,2009,"San Diego, California", 1-10,,MabPrex
,    ,,Privately Held,Greater San Diego Area,Therapeutics,http://www.lumenapharma.com,,"San Diego, California",,,"Lumena Pharmaceuticals, Inc."
,    ,,Public Company,Greater San Diego Area,Medical Devices,http://www.lmana.com,1998,(Owned by Teleflex),51-200,,"LMA North America, Inc."
,    ,,Privately Held,Greater San Diego Area,Therapeutics,http://www.mabvax.com,,"San Diego, California", 1-10,,MabVax
,    ,,Public Company,Greater San Diego Area,Therapeutics,http://www.lpath.com,,"San Diego, California",,,Lpath
,    ,,Privately Held,Greater San Diego Area,Therapeutics,http://www.lithera.com,,"San Diego, California",,,Lithera
,    ,,Privately Held,Greater San Diego Area,Therapeutics,http://www.kalypsys.com,,"Solana Beach, California",51-200,,Kalypsys
858.552.6890,    ,,Privately Held,Greater San Diego Area,Therapeutics,http://www.kalostpx.com,,"San Diego, California", 1-10,,Kalos Therapeutics
(858) 792-6468,    ,,Privately Held,Greater San Diego Area,Diagnostics,http://www.jajinternational.com/,1998,"San Diego, California", 11-50,,"JAJ International, Inc."
,    ,,Public Company,Greater San Diego Area,Therapeutics,http://www.janssenrnd.com,,(Part of Johnson & Johnson),10000+,,Janssen Labs
,    ,,Privately Held,Greater San Diego Area,Research Products,http://jadenbio.com,2005,"San Diego, California", 1-10,,Jadenbio
858-456-1760,    ,,Privately Held,Greater San Diego Area,Research Services,http://www.jadebio.com,,"San Diego, California", 1-10,,"Jade Bio, Inc."
,    ,,Privately Held,Greater San Diego Area,Software,http://www.kelaroo.com,2000,"San Diego, California", 1-10,,Kelaroo
,    ,,Privately Held,Greater San Diego Area,Therapeutics,http://www.jaleva.com,,"San Diego, California", 1-10,,"Jaleva Pharmaceuticals, LLC"
,    ,,,Greater San Diego Area,Research Institute,http://www.jcvi.org,,"Rockville, MD",,,J. Craig Venter Institute
,    ,,Privately Held,Greater San Diego Area,Diagnostics,http://www.ignyta.com,2011,"San Diego, California", 1-10,,"Ignyta, Inc."
(858) 550-2022,    ,,Privately Held,Greater San Diego Area,Medical Devices,http://www.ichorms.com,1994,"San Diego, California", 1-10,,Ichor Medical Systems
858.755.2820,    ,,Privately Held,Greater San Diego Area,Green technology,http://www.idiverse.com,2004,"San Diego, California", 1-10,,Idiverse
858.798.8800,    ,,Privately Held,Greater San Diego Area,Drug Development,http://www.huyabio.com,2005,"San Diego, Shanghai",51-200,,HUYA Bioscience International
,    ,,Nonprofit,Greater San Diego Area,Research Institute,http://www.hbri.org,1997,"San Diego, California",,,Human Biomedical Research Institute
(858) 455-9880,    ,,Privately Held,Greater San Diego Area,Therapeutics,http://icbii.com/,2008,"La Jolla, California", 1-10,,"ICB International, Inc."
(858) 410-8000,    ,,Public Company,Greater San Diego Area,Diagnostics,http://gen-probe.com,1986,"Owned by Hologic: Bedford, MA",1001-5000,,Hologic Gen-Probe
,    ,,Privately Held,Greater San Diego Area,Research Products,http://legenebiosciences.com,2011,"San Diego, California", 1-10,,Legene Biosciences
858-200-9520,    ,http://www.histogen.com/aboutus/careers.htm,Privately Held,Greater San Diego Area,Therapeutics,http://www.histogen.com,2007,"San Diego, California", 11-50,,Histogen
(858) 207-4264,    ,,Privately Held,Greater San Diego Area,Therapeutics,http://ljpc.com/,1989,"San Diego, California", 1-10,,La Jolla Pharmaceutical Company
,    ,,Nonprofit,Greater San Diego Area,Therapeutics,http://www.liai.org,1988,"La Jolla, California",201-500,,La Jolla Institute for Allergy and Immunology
(858) 356-5590,    ,http://www.hemaquest.com/careers/careers.asp,Privately Held,Greater San Diego Area,Therapeutics,http://www.hemaquest.com,2007,"San Diego, California", 1-10,,Hemaquest
858-210-4100,    ,http://www.lajollabiologics.com/careers.html,Privately Held,Greater San Diego Area,Drug Development,http://www.lajollabiologics.com,,"San Diego, California",,,La Jolla Biologics
,,,,Greater San Diego Area,"Diagnostics,Research Products",http://lifetechnologies.com,2008,Acquired by Thermo Fisher 2013,5001-10000,,Life Technologies
866.258.3221,    ,,Privately Held,Greater San Diego Area,Research Products,http://kinovate.com,2004,"Oceanside, California", 1-10,,Kinovate Life Sciences
,    ,http://www.kfxmedical.com/career.htm,Privately Held,Greater San Diego Area,Medical Devices,http://www.kfxmedical.com,,"San Diego, California", 11-50,,KFx Medical
,    ,http://www.inovio.com/aboutus/career.htm,Public Company,Greater San Diego Area,"Therapeutics,Vaccine Development",http://www.inovio.com,1983,"Blue Bell, PA", 11-50,,Inovio Pharmaceuticals
(858) 964-5123,    ,,Public Company,Greater San Diego Area,Therapeutics,http://www.innovuspharma.com,2011,"La Jolla, California", 1-10,,Innovus Pharmaceuticals
,    ,,Public Company,Greater San Diego Area,Therapeutics,http://kyowa-kirin-ca.com,,Japan,,,Kyowa Hakko Kirin California
(866) 432-2437,    ,,Privately Held,Greater San Diego Area,Research Products,http://www.disposablecages.com/,2004,"San Diego, California", 11-50,,Innovive Inc.
,    ,,Privately Held,Greater San Diego Area,Research Products,"http://www.innovativecelltech.com, http://www.phnxflow.com",1987,"San Diego, California", 1-10,,"Innovative Cell Technologies, Phoenix Flow Systems"
,    ,,Privately Held,Greater San Diego Area,"Research Products,Research Services",http://www.innopep.com,,"San Diego, California",,,InnoPep
,    ,,,Greater San Diego Area,Diagnostics,http://www.innovaconinc.com,,"San Diego, California",51-200,,Innovacon Inc.
,    ,,Privately Held,Greater San Diego Area,Therapeutics,http://www.inceptionsci.com,,"San Diego, California", 11-50,,Inception Sciences
,    ,,Privately Held,Greater San Diego Area,Therapeutics,http://www.inhibrx.com,2010,"La Jolla, California", 1-10,,InhibRx
858 208 4400,We provide strategic planning services for IP as well as patent and trademark prosecution,,Privately Held, Southern California,Provider,http://www.gormaniplaw.com,2013,San Diego,1-10,,Gorman IP Law
,    ,,Public Company,Greater San Diego Area,Therapeutics,http://www.halozyme.com,,"San Diego, California",51-200,,Halozyme
 858.452.7655,    ,,Privately Held,Greater San Diego Area,Research Products,http://www.gwrinstruments.com,1979,"San Diego, California", 1-10,,GWR Instruments
1-858-617-7402,    ,,,Greater San Diego Area,Drug Development,http://www.hamarichemicals.com,1948,"Osaka, Japan",,,Hamari Chemicals
,    ,,,Greater San Diego Area,Therapeutics,http://www.gnf.org/,1999,(Part of Novartis),501-1000,,GNF
,    ,,Privately Held,Greater San Diego Area,Drug Development,http://glycoregimmune.com,2009,"San Diego, California", 1-10,,Glycoregimmune
,    ,,Privately Held,Greater San Diego Area,Research Products,http://genwaybio.com,1998,"San Diego, California", 11-50,,Genway Bio
(858)678-8683,    ,,Privately Held,Greater San Diego Area,"Research Products,Research Services",http://www.gentarget.com,2008,"San Diego, California", 1-10,,"GenTarget, Inc."
,    ,http://www.quidel.com/careers/,Public Company,Greater San Diego Area,Medical Devices,http://www.quidel.com,1979,"San Diego, California",501-1000,,Quidel
,    ,http://www.resmed.com/us/careers/careers.html?nc=careers,Public Company,Greater San Diego Area,Medical Devices,http://www.resmed.com,1989,"San Diego, California",1001-5000,,Resmed
,    ,,Privately Held,Greater San Diego Area,Therapeutics,http://www.renascions.com,,"San Diego, California", 1-10,,Renascions
,    ,,Privately Held,Greater San Diego Area,Therapeutics,http://www.renovaTherapeutics.com,,"San Diego, California",,,Renova Therapeutics
 (858) 875-2840,    ,,,Greater San Diego Area,Therapeutics,http://www.rempexpharma.com,,"San Diego, California", 11-50,,Rempex Pharmaceuticals
(858) 200-9530,    ,http://www.regenemed.com/Careers.html,Privately Held,Greater San Diego Area,Therapeutics,http://www.regenemed.com,2003,"San Diego, California",,,Regenemed
(858) 546-5800,    ,,Privately Held,Greater San Diego Area,Research Products,http://www.scrippslabs.com/,1984,"San Diego, California", 11-50,,Scripps Laboratories
,    ,,Nonprofit,Greater San Diego Area,Research Institute,http://www.sanfordconsortium.org,2006,"La Jolla, California",,,Sanford Consortium for Regenerative Medicine
,    ,,Privately Held,Greater San Diego Area,Medical Products,http://www.siennalabs.com,,"San Diego, California", 1-10,,Sienna Labs
,    ,,public company,Greater San Diego Area,Therapeutics,http://www.sophirisbio.com,2012,"La Jolla, California", 1-10,,Sophiris
,    ,,Privately Held,Greater San Diego Area,Therapeutics,http://www.Therapeuticsinc.com,,"San Diego, California",,,Therapeutics Inc
760-707-5200,    ,,Privately Held,Greater San Diego Area,Green technology,http://www.verdezyne.com,2005,"Carlsbad, California",51-200,,Verdezyne
,    ,http://www.regulusrx.com/careers/,Public Company,Greater San Diego Area,Therapeutics,http://www.regulusrx.com,2007,"San Diego, California",51-200,,Regulus Therapeutics
(858) 273-2744,    ,,Privately Held,Greater San Diego Area,Therapeutics,http://www.vbspharma.com,,"San Diego, California",,,VBS
,    ,,Nonprofit,Greater San Diego Area,Research Institute,http://www.westhealth.org,2009,"La Jolla, California",51-200,,West Health Institute
(858) 926-3197,    ,,Privately Held,Greater San Diego Area,Therapeutics,http://www.vaxiion.com,2000,"San Diego, California",,,Vaxiion Therapeutics
,    ,http://www.trovagene.com/About-Us/Careers.aspx,Public Company,Greater San Diego Area,Diagnostics,http://www.trovagene.com,1999,"San Diego, California", 11-50,,Trovagene
,    ,http://www.zogenix.com/index.php/careers/,Public Company,Greater San Diego Area,Therapeutics,http://www.zogenix.com,2006,"San Diego, California",51-200,,Zogenix
,    ,,Nonprofit,Greater San Diego Area,Research Institute,http://cancer.ucsd.edu,1979,"La Jolla, California",,,UCSD Moores Cancer Center
858-546-0720 ,    ,http://zyagen.com/index.php?main_page=page&id=13,Privately Held,Greater San Diego Area,"Research Products,Research Services",http://zyagen.com,2000,"San Diego, California", 1-10,,Zyagen
(858) 490-9400,    ,,Privately Held,Greater San Diego Area,Medical Devices,http://www.synthasome.com,2003,"San Diego, California",,,Synthasome
,    ,http://www.syntheticgenomics.com/careers/,Privately Held,Greater San Diego Area,Green technology,http://www.syntheticgenomics.com,2005,"San Diego, California",51-200,,Synthetic Genomics
(858) 622-8528,    ,,Public Company,Greater San Diego Area,Therapeutics,http://takedacalifornia.com/,1998,Japan,51-200,,Takeda San Diego
,    ,http://www.sunevamedical.com/careers/,Privately Held,Greater San Diego Area,Medical Devices,http://www.sunevamedical.com,,"San Diego, California",51-200,,Suneva Medical
 858-382-0522,    ,http://www.sundia.com/career/apply.asp,Public Company,Greater San Diego Area,Research Services,http://www.sundia.com,2004,China,501-1000,,Sundia
8586580910,    ,,Privately Held,Greater San Diego Area,Research Products,http://www.stemedica.com,2005,"San Diego, California",,,Stemedica
,    ,,Privately Held,Greater San Diego Area,Therapeutics,http://www.sovapharma.com,2010,"La Jolla, California", 1-10,,Sova Pharma
 858-847-0200,    ,,Public Company,Greater San Diego Area,Diagnostics,http://www.spectrascience.com,,"San Diego, California",,,Spectra Science
,    ,,Privately Held,Greater San Diego Area,Therapeutics,http://zephyruspharma.com,2011,"San Diego, California", 1-10,,Zephyrus Pharma
,    ,http://www.synteracthcr.com/Careers/Job-Search-USA,Privately Held,Greater San Diego Area,Drug Development,http://www.synteracthcr.com,1995,"Carlsbad, California",501-1000,,SynteractHCR
,    ,,(Acquired by Cubist),Greater San Diego Area,Therapeutics,http://www.triusrx.com,2004,Massachusetts,51-200,,Trius Therapeutics
,    ,,Privately Held,Greater San Diego Area,Research Products,http://www.tristantech.com,1991,"San Diego, California",,,"Tristan Technologies, Inc."
,    ,,Privately Held,Greater San Diego Area,"Therapeutics,Veterinary Science",http://www.tritonai.com/,2013,"San Diego, California",,,"Triton Algae Innovations, Inc."
,    ,http://sorrentotherapeutics.com/careers/,Public Company,Greater San Diego Area,Therapeutics,http://www.sorrentoTherapeutics.com,,"San Diego, California", 11-50,,Sorrento Therapeutics
,    ,,Privately Held,Greater San Diego Area,Research Products,http://www.tonbobio.com,2011,"San Diego, California", 11-50,,Tonbo Biosciences
(760) 208-6900,    ,http://www.tragarapharma.com/careers.htm,Privately Held,Greater San Diego Area,Therapeutics,http://www.tragarapharma.com/,2007,"Carlsbad, California", 1-10,,Tragara Pharmaceuticals
,    ,http://www.traconpharma.com/careers.php,,Greater San Diego Area,Therapeutics,http://www.traconpharma.com,,"San Diego, California", 1-10,,TRACON Pharmaceuticals
(858) 259-3950,    ,http://www.tocagen.com/careers/,Privately Held,Greater San Diego Area,Therapeutics,http://www.tocagen.com/,,"San Diego, California", 11-50,,Tocagen
800.930.9222,    ,,Privately Held,Greater San Diego Area,Drug Development,http://www.validation.org,1996,"San Diego, California",51-200,,"Validation Technologies, Inc."
,    ,,Privately Held,Greater San Diego Area,Clinical Services,http://vpointlabs.com,,"San Diego, California",,,Vantage Point Laboratory Partners
858.461.6861,    ,http://www.valasciences.com/about/careers/,Privately Held,Greater San Diego Area,"Research Products,Research Services,Software",http://www.valasciences.com,2004,"San Diego, California", 11-50,,Vala Sciences
,    ,,Privately Held,Greater San Diego Area,Research Institute,http://www.vrisd.org,2000,"San Diego, California",,,Vaccine Research Institute of San Diego
(858) 622-9538,    ,,Privately Held,Greater San Diego Area,Research Services,http://www.valuegene.com/,2005,"San Diego, California", 11-50,,ValueGene Inc.
(858) 677 9297,    ,,Privately Held,Greater San Diego Area,Research Services,http://www.ultimatelab.com,2008,"San Diego, California", 11-50,,Ultimate Labs
(800) 455-0644,    ,,Privately Held,Greater San Diego Area,Research Products,http://www.vp-scientific.com,,"San Diego, California", 11-50,,V&P Scientific
,    ,,Privately Held,Greater San Diego Area,Biotechnology,http://www.tiogaresearch.com,2011,"San Diego, California", 11-50,,Tioga Research
,    ,http://www.wellspringbiosciences.com/careers.php,Privately Held,Greater San Diego Area,Therapeutics,http://www.wellspringbiosciences.com,2012,"San Diego, California", 11-50,,Wellspring Biosciences
(858) 673-6840,    ,,Privately Held,Greater San Diego Area,Therapeutics,http://vitaltherapies.com,,"San Diego, California", 11-50,,Vital Therapies Inc.
,    ,,Public Company,Greater San Diego Area,Medical Devices,http://www.volcanocorp.com,,"San Diego, California",501-1000,,Volcano Corporation
(760) 438-0230,,http://www.vistabiologicals.com/Careers.htm,Privately Held,Greater San Diego Area,"Drug Development,Research Services",http://www.vistabiologicals.com/,1981,"Vista, California",,,Vista Biologicals
,    ,,Public Company,Greater San Diego Area,Therapeutics,http://www.vical.com,1997,"San Diego, California",51-200,,Vical
858.455.3708,    ,,Privately Held,Greater San Diego Area,Therapeutics,http://viacyte.com,1999,"San Diego, California", 11-50,,"ViaCyte, Inc."
,    ,http://www.verenium.com/careers.html,Public Company,Greater San Diego Area,Green technology,http://www.verenium.com,1992,(Being acquired by BASF),51-200,,Verenium
 858-748-2004,    ,,,Greater San Diego Area,Veterinary Science,http://www.vet-stem.com,,"Poway, California",,,Vet Stem
(858) 404-6600,    ,,Public Company,Greater San Diego Area,Therapeutics,http://www.vrtx.com/,1989,"Cambridge, MA",1001-5000,,Vertex Pharmaceuticals
(858) 876-6500,    ,,Public Company,Greater San Diego Area,Therapeutics,http://www.somaxon.com,,"Solana Beach, California", 11-50,,Somaxon Pharmaceuticals
858.625.0670,    ,http://www.solulink.com/about/careers,Privately Held,Greater San Diego Area,Research Products,http://www.solulink.com,2003,"San Diego, California", 11-50,,Solulink
,    ,,Privately Held,Greater San Diego Area,Therapeutics,http://www.sonexa.com,2008,"San Diego, California",,,Sonexa Therapeutics
(858) 259-1310,    ,,Privately Held,Greater San Diego Area,Research Products,http://www.sirigen.com,2003,"San Diego, California", 11-50,,Sirigen (BD Biosciences)
858.909.5685,    ,http://www.sirenasmd.com/career-opportunities/,Privately Held,Greater San Diego Area,Therapeutics,http://www.sirenasmd.com,2011,"San Diego, California", 1-10,,Sirenas Marine Discovery
,    ,,Privately Held,Greater San Diego Area,Therapeutics,http://siferon.com,,"San Diego, California", 1-10,,Siferon Therapeutics
,    ,,Privately Held,Greater San Diego Area,Research Products,http://www.siliconkinetics.com,2002,"San Diego, California", 11-50,,Silicon Kinetics
(949) 454-4400,CMO specialized in sterile injectable drug products (vial/cartridge/dropper bottle/tube) and devices,http://www.siegfried-amp.com/employment, Public Company,,"Medical Devices,Medical Products",http://www.siegfried-amp.com,2002,"Irvine, CA",51-200,,Siegfried-AMP
 760-710-6100,    ,,Public Company,Greater San Diego Area,Drug Development,http://www.sigmaaldrich.com/safc/facilities/carlsbad-california.html,,"St. Louis, MO",10000+,,Sigma Aldrich SAFC
(800) 513-1569,    ,,Privately Held,Greater San Diego Area,Therapeutics,http://sialix.com,2006,"Newton, MA", 1-10,,Sialix
,    ,,Public Company,Greater San Diego Area,Medical Products,http://www.skinmedica.com,2000,"Irvine, California",10001+,,Skinmedica (Allergan)
858-997-1490 x801,    ,,Privately Held,Greater San Diego Area,Clinical Services,http://www.sherpaclinical.com,2010,"San Diego, California", 1-10,,Sherpa Clinical
,    ,,privately Held,Greater San Diego Area,"Research Products,Research Services",http://www.sgidna.com,2013,"La Jolla, California", 11-50,,SGI DNA
760-652-4060 ,    ,,Privately Held,Greater San Diego Area,Diagnostics,http://www.serametrix.com,2009,"San Diego, California",,,Serametrix
,,http://www.sequenom.com/getdoc/819d2388-4441-45d8-80c9-ee32a19172de/Jobs.aspx,,Greater San Diego Area,"Diagnostics,Research Products",http://www.sequenom.com,1994,"San Diego, California",501-1000,,Sequenom
,    ,,Privately Held,Greater San Diego Area,Green technology,http://www.sgbiofuels.com,2007,"San Diego, California",51-200,,SGB
,    ,,Privately Held,Greater San Diego Area,Nanotechnology,http://www.seashelltech.com,1996,"San Diego, California", 1-10,,Seashell Technology
(858) 784-1000,    ,,Nonprofit,Greater San Diego Area,Research Institute,http://www.scripps.edu,,"La Jolla, California",1001-5000,,The Scripps Research Institute
,    ,http://careers.senomyx.com/positions.htm,Privately Held,Greater San Diego Area,Food Industry,http://www.senomyx.com,,"San Diego, California",51-200,,Senomyx
(858) 227-9109,    ,,Nonprofit,Greater San Diego Area,Research Institute,http://thenicholasconorinstitute.org,2007,"San Diego, California", 1-10,,The Nicholas Conor Institute
,    ,,Privately Held,Greater San Diego Area,Medical Products,http://www.telmedx.com/,,"San Diego, California", 1-10,,telmedx
,    ,http://www.tensysmedical.com/aboutcareers.htm,privately Held,Greater San Diego Area,Medical Devices,http://www.tensysmedical.com,,"San Diego, California", 11-50,,Tensys Medical
858.217.5647,    ,,,Greater San Diego Area,Medical Devices,http://telephusmedical.com/,2012,,,,Telephus Medical
,    ,,Privately Held,Greater San Diego Area,Research Products,http://www.thebiostor.com,,"San Diego, California",,,The Biostor
 (858) 366-6900 ,    ,,Privately Held,Greater San Diego Area,Diagnostics,http://www.tandemdiabetes.com,,"San Diego, California",201-500,,Tandem Diabetes Care
 (877) 290-4043,    ,,Privately Held,Greater San Diego Area,Research Products,http://www.targeson.com,2009,"San Diego, California", 1-10,,Targeson
(858) 622-7000,    ,,,Greater San Diego Area,Therapeutics,http://www.trlusa.com/,,"San Diego, California", 11-50,,Tanabe Research Laboratories
 +1 (858) 926-2900,    ,http://www.samumed.com/contact/careers.html,Privately Held,Greater San Diego Area,Therapeutics,http://www.samumed.com,,"San Diego, California", 1-10,,Samumed
 (858) 455-0300 ext.104,"The San Diego Festival of Science and Engineering (formerly known as the San Diego Science Festival) features a week of interactive demonstrations, hands-on activities and dynamic speakers to engage kids and families in science and engineering.,
,
Hundreds of community businesses and organizations present more than 35 events throughout the county the week leading up to our EXPO DAY at PETCO Park on the last Saturday of the Festival. More than 55,000 kids, parents, scientists, educators and community members participate in annual Festival events.",, Nonprofit,Greater San Diego Area,Association,http://www.sdsciencefestival.com/,2008,"La Jolla, California", 1-10,,San Diego Festival of Science and Engineering
,    ,,Nonprofit,Greater San Diego Area,Research Institute,http://www.salk.edu,1960,"La Jolla, California",501-1000,,Salk Institute
(760) 448-1355,    ,,Privately Held,Greater San Diego Area,Therapeutics,http://ribomed.com,1999,"Carlsbad, California",,,Ribomed Biotechnologies Inc.
(858) 587-4815 ,    ,,Privately Held,Greater San Diego Area,Therapeutics,http://www.anaphore.com,,"San Diego, California", 1-10,,"RuiYi, Inc."
,    ,,Privately Held,Greater San Diego Area,Diagnostics,http://www.ridgedx.com,2006,"San Diego, California", 11-50,,Ridge Diagnostics
,    ,,Nonprofit,Greater San Diego Area,Research Institute,https://scripps.ucsd.edu/,1903,"La Jolla, California",,,Scripps Institute of Oceanography (UCSD)
1-855-765-2246,Roka delivers the most accurate and reliable pathogen test results regardless of sample type. ,,Privately Held,Greater San Diego Area,Food Industry,http://rokabio.com,2009,"Warren, NJ",51-200,,Roka Bioscience
,,,Privately Held,Greater San Diego Area,"Diagnostics,Research Services",http://www.retrogen.com,1992,"San Diego, California",11-50,,"Retrogen, Inc."
,    ,,Privately Held,Greater San Diego Area,Media,http://www.sciencemedia.com,,"San Diego, California", 11-50,,"ScienceMedia, Inc."
(858) 677-9317,    ,,Privately Held,Greater San Diego Area,"Research Services,Therapeutics",http://www.retrovirox.com,2008,"San Diego, California", 1-10,,RetroVirox
(619) 258-9300,,,Privately Held,Greater San Diego Area,"Diagnostics,Research Products,Research Services",http://scantibodies.com,1976,"San Diego, California",,,Scantibodies Laboratory Inc.
(858) 768-4700,    ,,Privately Held,Greater San Diego Area,Green technology,http://www.sapphireenergy.com,2007,"San Diego, California",51-200,,Sapphire Energy Inc.
,    ,,Privately Held,Greater San Diego Area,Media,http://www.scivee.tv,2007,"San Diego, California", 1-10,,"SciVee, Inc."
877.602.8549,    ,http://www.sciencellonline.com/site/career.php,Privately Held,Greater San Diego Area,Research Products,http://www.sciencellonline.com,1999,"San Diego, California", 11-50,,ScienCell Research Laboratories
858-314-5701 ,    ,http://www.santarus.com/careers/,Privately Held,Greater San Diego Area,Therapeutics,http://www.santarus.com,,"San Diego, California",201-500,,Santarus
(858) 652-5700,    ,http://www.receptos.com/careers-with-receptos.php,Public Company,Greater San Diego Area,Therapeutics,http://www.receptos.com,,"San Diego, California", 11-50,,Receptos
,    ,,Privately Held,Greater San Diego Area,Research Services,http://www.rebexsess.com,,"San Diego, California", 1-10,,Rebexsess
,    ,http://www.sangart.com/company/career.htm,Privately Held,Greater San Diego Area,Therapeutics,http://www.sangart.com,,"San Diego, California",51-200,,Sangart
(858)646-3100,    ,,Nonprofit,Greater San Diego Area,,http://www.sanfordburnham.org,1976,"La Jolla, California",1001-5000,,Sanford-Burnham Medical Research Institute
1.760.230.8608,    ,,,Greater San Diego Area,Research Products,http://www.reagentsdirect.com/,2010,"Encinitas, California", 11-50,,Reagents Direct
